model,day_type,hour,rel_err
gru,holiday,0,0.5617928885687536
gru,holiday,1,0.4094273173329845
gru,holiday,2,0.37694470874423536
gru,holiday,3,0.35874935225161064
gru,holiday,4,0.3484118309523653
gru,holiday,5,0.3590508702727805
gru,holiday,6,0.40196133860720334
gru,holiday,7,0.6186658889782847
gru,holiday,8,0.9815885011249675
gru,holiday,9,1.3003715419280695
gru,holiday,10,1.467091269396826
gru,holiday,11,1.5517818806208772
gru,holiday,12,1.5775892666832245
gru,holiday,13,1.6671057823116722
gru,holiday,14,1.5321530575658304
gru,holiday,15,1.3822388000752817
gru,holiday,16,1.259389329653974
gru,holiday,17,1.1243640508008048
gru,holiday,18,1.028261275355285
gru,holiday,19,0.9273587354363177
gru,holiday,20,0.8347692086879303
gru,holiday,21,0.7656116648195327
gru,holiday,22,0.6585380658065021
gru,holiday,23,0.5975738919407033
gru,weekday,0,0.40748714938815367
gru,weekday,1,0.35632860557863666
gru,weekday,2,0.32561972075495116
gru,weekday,3,0.3056319524564423
gru,weekday,4,0.28424407081943925
gru,weekday,5,0.2902372995996815
gru,weekday,6,0.3661160941006376
gru,weekday,7,0.5252658077959966
gru,weekday,8,0.8050275279701105
gru,weekday,9,1.0646612245130231
gru,weekday,10,1.1354412738131434
gru,weekday,11,1.176107633906129
gru,weekday,12,1.2232450576670513
gru,weekday,13,1.2325936179817074
gru,weekday,14,1.161146981007004
gru,weekday,15,1.0970435821076003
gru,weekday,16,1.0449625850988629
gru,weekday,17,0.9472139310721422
gru,weekday,18,0.9146847511171952
gru,weekday,19,0.8963437126098273
gru,weekday,20,0.8026672837018521
gru,weekday,21,0.6905419210240434
gru,weekday,22,0.5933802636283937
gru,weekday,23,0.5249010006780378
gru,weekend,0,0.3605931212316079
gru,weekend,1,0.2915675285183951
gru,weekend,2,0.2907645794628893
gru,weekend,3,0.2871455752248103
gru,weekend,4,0.26830043439351553
gru,weekend,5,0.2344838576203152
gru,weekend,6,0.2186459702954557
gru,weekend,7,0.24583165722166095
gru,weekend,8,0.3197684334089713
gru,weekend,9,0.40766786858688003
gru,weekend,10,0.5197654231747945
gru,weekend,11,0.5888979771352393
gru,weekend,12,0.6656261483367716
gru,weekend,13,0.7292870915163469
gru,weekend,14,0.7176992230822229
gru,weekend,15,0.6626743390706539
gru,weekend,16,0.6486769747314707
gru,weekend,17,0.6095663811294295
gru,weekend,18,0.5684230481859306
gru,weekend,19,0.5256327922615011
gru,weekend,20,0.498723274379735
gru,weekend,21,0.4635848465817392
gru,weekend,22,0.3842566261310837
gru,weekend,23,0.40147612012953066
lightgbm,holiday,0,0.4059015490398788
lightgbm,holiday,1,0.2358403304711904
lightgbm,holiday,2,0.21251455057108284
lightgbm,holiday,3,0.22184201134324982
lightgbm,holiday,4,0.22860389201942924
lightgbm,holiday,5,0.2433045167993062
lightgbm,holiday,6,0.25606745253222235
lightgbm,holiday,7,0.4361401888474245
lightgbm,holiday,8,0.6725963987259882
lightgbm,holiday,9,0.8147074016580031
lightgbm,holiday,10,0.8195430937499515
lightgbm,holiday,11,0.8947631374452434
lightgbm,holiday,12,0.9061021579108443
lightgbm,holiday,13,0.923118289745407
lightgbm,holiday,14,0.835391681851634
lightgbm,holiday,15,0.8006676188647147
lightgbm,holiday,16,0.7794996962360361
lightgbm,holiday,17,0.7406822006808829
lightgbm,holiday,18,0.7157128076860404
lightgbm,holiday,19,0.6306208551003497
lightgbm,holiday,20,0.566000912906615
lightgbm,holiday,21,0.5690853621375584
lightgbm,holiday,22,0.5366619458620704
lightgbm,holiday,23,0.5124906456758386
lightgbm,weekday,0,0.1956246914675881
lightgbm,weekday,1,0.17739223445802915
lightgbm,weekday,2,0.18474400569482086
lightgbm,weekday,3,0.20717474020300333
lightgbm,weekday,4,0.2168357916029634
lightgbm,weekday,5,0.21852342015147783
lightgbm,weekday,6,0.22707050075038113
lightgbm,weekday,7,0.3132415508682395
lightgbm,weekday,8,0.49550608010726876
lightgbm,weekday,9,0.5898414564693667
lightgbm,weekday,10,0.5855984028341098
lightgbm,weekday,11,0.6343233410591147
lightgbm,weekday,12,0.6931550606702508
lightgbm,weekday,13,0.7100573018302767
lightgbm,weekday,14,0.7137418404625264
lightgbm,weekday,15,0.7136901450540555
lightgbm,weekday,16,0.6912696385667283
lightgbm,weekday,17,0.6389697145761422
lightgbm,weekday,18,0.6141912674320639
lightgbm,weekday,19,0.6197056385035461
lightgbm,weekday,20,0.5932223339871188
lightgbm,weekday,21,0.5358037895862865
lightgbm,weekday,22,0.5122887658109411
lightgbm,weekday,23,0.4799096720416552
lightgbm,weekend,0,0.11650543425279755
lightgbm,weekend,1,0.0915830971090017
lightgbm,weekend,2,0.1154473414894722
lightgbm,weekend,3,0.16063390576474457
lightgbm,weekend,4,0.18301062432327397
lightgbm,weekend,5,0.18922113297398788
lightgbm,weekend,6,0.19713309418039815
lightgbm,weekend,7,0.19256834512578375
lightgbm,weekend,8,0.24234588252823955
lightgbm,weekend,9,0.2559060495480398
lightgbm,weekend,10,0.26632805508383783
lightgbm,weekend,11,0.287373053726183
lightgbm,weekend,12,0.3311066086304928
lightgbm,weekend,13,0.38249319626717504
lightgbm,weekend,14,0.33872885025071814
lightgbm,weekend,15,0.3133639564012953
lightgbm,weekend,16,0.3190947494397064
lightgbm,weekend,17,0.3055067318173687
lightgbm,weekend,18,0.3076302554493426
lightgbm,weekend,19,0.26387488655628355
lightgbm,weekend,20,0.24670863889221364
lightgbm,weekend,21,0.24810007947496712
lightgbm,weekend,22,0.22537386756324182
lightgbm,weekend,23,0.24755385560576215
naive,holiday,0,0.3122772693196168
naive,holiday,1,0.22454115738553596
naive,holiday,2,0.21064325584853544
naive,holiday,3,0.20770512757020826
naive,holiday,4,0.21664090410269332
naive,holiday,5,0.22730107453592258
naive,holiday,6,0.1199392776993692
naive,holiday,7,0.11948943041112811
naive,holiday,8,0.12899393781914756
naive,holiday,9,0.19241273520913363
naive,holiday,10,0.28289707919569224
naive,holiday,11,0.35702459430325395
naive,holiday,12,0.3972185190566478
naive,holiday,13,0.37415494138577565
naive,holiday,14,0.3554386469613443
naive,holiday,15,0.3258309270263996
naive,holiday,16,0.3128107569037273
naive,holiday,17,0.2713392107907362
naive,holiday,18,0.21593874015086836
naive,holiday,19,0.13273086439901455
naive,holiday,20,0.11405440870642075
naive,holiday,21,0.12956692229429362
naive,holiday,22,0.17752955397415204
naive,holiday,23,0.2223567971903577
naive,weekday,0,0.3752108007831071
naive,weekday,1,0.29853948044653195
naive,weekday,2,0.2518522833152638
naive,weekday,3,0.22171973147152857
naive,weekday,4,0.20005977198056632
naive,weekday,5,0.16167664476732466
naive,weekday,6,0.12059944736368079
naive,weekday,7,0.111824614589737
naive,weekday,8,0.22174285967681073
naive,weekday,9,0.3427778024874288
naive,weekday,10,0.453535284720491
naive,weekday,11,0.5661842205268552
naive,weekday,12,0.6254813002643527
naive,weekday,13,0.5850217088606098
naive,weekday,14,0.4828018673040847
naive,weekday,15,0.4445115702512072
naive,weekday,16,0.39907980523251574
naive,weekday,17,0.3191285219501873
naive,weekday,18,0.28984797242369026
naive,weekday,19,0.3561622680882539
naive,weekday,20,0.351758124543248
naive,weekday,21,0.34186571970904395
naive,weekday,22,0.3730323292434032
naive,weekday,23,0.37449107516644686
naive,weekend,0,0.3154900486668643
naive,weekend,1,0.24762784713462696
naive,weekend,2,0.22735854672228398
naive,weekend,3,0.19941833392472091
naive,weekend,4,0.1864810166734853
naive,weekend,5,0.24809741197629756
naive,weekend,6,0.1894987571254388
naive,weekend,7,0.14226367814950344
naive,weekend,8,0.1081185529378975
naive,weekend,9,0.16738680849931337
naive,weekend,10,0.33708260108274396
naive,weekend,11,0.4913361835013889
naive,weekend,12,0.539072768829589
naive,weekend,13,0.5249936823514804
naive,weekend,14,0.5034584096638366
naive,weekend,15,0.503042544909397
naive,weekend,16,0.4831730918297236
naive,weekend,17,0.32563395924704946
naive,weekend,18,0.21613837691199467
naive,weekend,19,0.28017290709086484
naive,weekend,20,0.34716821960049055
naive,weekend,21,0.3848711556996795
naive,weekend,22,0.4370829934310721
naive,weekend,23,0.455089438817751
sarima,holiday,0,0.44230854454692065
sarima,holiday,1,0.27189239111029706
sarima,holiday,2,0.207048660578181
sarima,holiday,3,0.17486318134183523
sarima,holiday,4,0.14612172111639168
sarima,holiday,5,0.13943843005349363
sarima,holiday,6,0.1731106318476954
sarima,holiday,7,0.3485853651274612
sarima,holiday,8,0.6030844757859526
sarima,holiday,9,0.7289787466125438
sarima,holiday,10,0.8151653755798526
sarima,holiday,11,0.902585147684229
sarima,holiday,12,0.9398805630092344
sarima,holiday,13,0.9949757474761752
sarima,holiday,14,0.8386447293117562
sarima,holiday,15,0.7641274511023753
sarima,holiday,16,0.7536891579834953
sarima,holiday,17,0.7004049224253193
sarima,holiday,18,0.6712778503185439
sarima,holiday,19,0.5900789591456577
sarima,holiday,20,0.5156898521084394
sarima,holiday,21,0.5094454215224012
sarima,holiday,22,0.4905993969907888
sarima,holiday,23,0.4385592042527921
sarima,weekday,0,0.30734060621157955
sarima,weekday,1,0.22384903571904322
sarima,weekday,2,0.17475720851273313
sarima,weekday,3,0.1503281155447215
sarima,weekday,4,0.12714524006064548
sarima,weekday,5,0.11011876654049202
sarima,weekday,6,0.11754805151502977
sarima,weekday,7,0.1805787535251566
sarima,weekday,8,0.3077470796532467
sarima,weekday,9,0.3545155752154857
sarima,weekday,10,0.4075367662719136
sarima,weekday,11,0.46147868714240525
sarima,weekday,12,0.5347183265176172
sarima,weekday,13,0.5482428571555024
sarima,weekday,14,0.5115398983192397
sarima,weekday,15,0.5035638577568533
sarima,weekday,16,0.5069557453396247
sarima,weekday,17,0.49385797774182943
sarima,weekday,18,0.49831434022065474
sarima,weekday,19,0.5307586736929544
sarima,weekday,20,0.46206089580014204
sarima,weekday,21,0.43857125590261936
sarima,weekday,22,0.44092985376510313
sarima,weekday,23,0.4004526465780908
sarima,weekend,0,0.23593288684244293
sarima,weekend,1,0.16500436305182384
sarima,weekend,2,0.14446857904851332
sarima,weekend,3,0.13197305815732113
sarima,weekend,4,0.12282855213425067
sarima,weekend,5,0.11370244826965362
sarima,weekend,6,0.1422717610836811
sarima,weekend,7,0.2996905484641643
sarima,weekend,8,0.4915162386110881
sarima,weekend,9,0.5524276042581745
sarima,weekend,10,0.5813938633763682
sarima,weekend,11,0.5495719808864145
sarima,weekend,12,0.5468813293042551
sarima,weekend,13,0.5243096291695021
sarima,weekend,14,0.44536953194960927
sarima,weekend,15,0.4371850459375808
sarima,weekend,16,0.45881469706796535
sarima,weekend,17,0.42012189942425654
sarima,weekend,18,0.367039339306368
sarima,weekend,19,0.3895242225498575
sarima,weekend,20,0.35719974916525293
sarima,weekend,21,0.3647049753648723
sarima,weekend,22,0.3420384446336186
sarima,weekend,23,0.3800108398783774
seasonal_naive,holiday,0,0.3845930792662559
seasonal_naive,holiday,1,0.2056814624117283
seasonal_naive,holiday,2,0.15983823476052308
seasonal_naive,holiday,3,0.12235835363628132
seasonal_naive,holiday,4,0.10281559912456427
seasonal_naive,holiday,5,0.07958216327507363
seasonal_naive,holiday,6,0.06429737705747302
seasonal_naive,holiday,7,0.12471461566244972
seasonal_naive,holiday,8,0.21815183766021753
seasonal_naive,holiday,9,0.3085391801633192
seasonal_naive,holiday,10,0.3898982634090181
seasonal_naive,holiday,11,0.4900605039041866
seasonal_naive,holiday,12,0.5401665219082655
seasonal_naive,holiday,13,0.5502073418443622
seasonal_naive,holiday,14,0.5622300588634235
seasonal_naive,holiday,15,0.5016992273197249
seasonal_naive,holiday,16,0.5220165871399839
seasonal_naive,holiday,17,0.45724246366719795
seasonal_naive,holiday,18,0.3538236234184003
seasonal_naive,holiday,19,0.1940587398373631
seasonal_naive,holiday,20,0.14236261140852596
seasonal_naive,holiday,21,0.11951217594905338
seasonal_naive,holiday,22,0.17100387166676764
seasonal_naive,holiday,23,0.1762015335991935
seasonal_naive,weekday,0,0.14093768330272857
seasonal_naive,weekday,1,0.11911479336484976
seasonal_naive,weekday,2,0.0984256969204741
seasonal_naive,weekday,3,0.07176635732836292
seasonal_naive,weekday,4,0.0491250544105113
seasonal_naive,weekday,5,0.050996809964992534
seasonal_naive,weekday,6,0.060096065959387615
seasonal_naive,weekday,7,0.11039225968379963
seasonal_naive,weekday,8,0.2311673993823583
seasonal_naive,weekday,9,0.30203549492692283
seasonal_naive,weekday,10,0.33658422987001135
seasonal_naive,weekday,11,0.38696255934483736
seasonal_naive,weekday,12,0.4775139617897162
seasonal_naive,weekday,13,0.49832839025606507
seasonal_naive,weekday,14,0.44930261414580197
seasonal_naive,weekday,15,0.5025795740151916
seasonal_naive,weekday,16,0.5505951258004725
seasonal_naive,weekday,17,0.5254195136910508
seasonal_naive,weekday,18,0.40896871913894456
seasonal_naive,weekday,19,0.24517644055694077
seasonal_naive,weekday,20,0.18613774308008801
seasonal_naive,weekday,21,0.16631311137916702
seasonal_naive,weekday,22,0.17472229313048196
seasonal_naive,weekday,23,0.19014403368533112
seasonal_naive,weekend,0,0.08319036112343357
seasonal_naive,weekend,1,0.09249153457559116
seasonal_naive,weekend,2,0.09225340305591528
seasonal_naive,weekend,3,0.059422144218156045
seasonal_naive,weekend,4,0.05544482125851378
seasonal_naive,weekend,5,0.07517951281330368
seasonal_naive,weekend,6,0.06712932860952169
seasonal_naive,weekend,7,0.10388691137994056
seasonal_naive,weekend,8,0.15005042781993225
seasonal_naive,weekend,9,0.22113427964468815
seasonal_naive,weekend,10,0.2611100131668141
seasonal_naive,weekend,11,0.274521970145157
seasonal_naive,weekend,12,0.2880005383719218
seasonal_naive,weekend,13,0.2684464722458558
seasonal_naive,weekend,14,0.2360659653487362
seasonal_naive,weekend,15,0.19362184656050369
seasonal_naive,weekend,16,0.25495298278107587
seasonal_naive,weekend,17,0.24580917858252488
seasonal_naive,weekend,18,0.1724841666692365
seasonal_naive,weekend,19,0.15682519923746638
seasonal_naive,weekend,20,0.19324214437483542
seasonal_naive,weekend,21,0.1919479649180098
seasonal_naive,weekend,22,0.19877812348192708
seasonal_naive,weekend,23,0.2100228582396153
weekly_naive,holiday,0,0.7316023244680442
weekly_naive,holiday,1,0.5135697146569601
weekly_naive,holiday,2,0.4161089663325903
weekly_naive,holiday,3,0.3577726651804822
weekly_naive,holiday,4,0.31420116783170854
weekly_naive,holiday,5,0.30556226112608226
weekly_naive,holiday,6,0.38966990683511327
weekly_naive,holiday,7,0.6883774384951522
weekly_naive,holiday,8,1.1648496628233989
weekly_naive,holiday,9,1.529171304618186
weekly_naive,holiday,10,1.639508389337154
weekly_naive,holiday,11,1.7126314631250075
weekly_naive,holiday,12,1.773320071233695
weekly_naive,holiday,13,2.017806310250397
weekly_naive,holiday,14,1.8152592263836589
weekly_naive,holiday,15,1.6836561987208198
weekly_naive,holiday,16,1.6347110823169317
weekly_naive,holiday,17,1.5411598507129658
weekly_naive,holiday,18,1.430924944362215
weekly_naive,holiday,19,1.3138743695475184
weekly_naive,holiday,20,1.1914796213878613
weekly_naive,holiday,21,1.1043456275009553
weekly_naive,holiday,22,1.0471492157559597
weekly_naive,holiday,23,0.9313746948746987
weekly_naive,weekday,0,0.41633553423756786
weekly_naive,weekday,1,0.31126798301608316
weekly_naive,weekday,2,0.2652469888560002
weekly_naive,weekday,3,0.23412842180458332
weekly_naive,weekday,4,0.22133388716280333
weekly_naive,weekday,5,0.21297663153754742
weekly_naive,weekday,6,0.23500392216624327
weekly_naive,weekday,7,0.37916106685111006
weekly_naive,weekday,8,0.6571811164577134
weekly_naive,weekday,9,0.8385220517627774
weekly_naive,weekday,10,0.863457790082358
weekly_naive,weekday,11,0.8802057048088847
weekly_naive,weekday,12,0.9220389984778932
weekly_naive,weekday,13,0.9943191378749751
weekly_naive,weekday,14,0.9330215483152139
weekly_naive,weekday,15,0.9420053496410434
weekly_naive,weekday,16,0.968289167968448
weekly_naive,weekday,17,0.8589617174743678
weekly_naive,weekday,18,0.749965594342204
weekly_naive,weekday,19,0.7466751526109681
weekly_naive,weekday,20,0.7437600642742354
weekly_naive,weekday,21,0.6709717652883902
weekly_naive,weekday,22,0.6381695264989109
weekly_naive,weekday,23,0.5931612184436024
weekly_naive,weekend,0,0.5332435434056498
weekly_naive,weekend,1,0.43086072130356046
weekly_naive,weekend,2,0.37463317122496675
weekly_naive,weekend,3,0.3550959806959475
weekly_naive,weekend,4,0.31989309934624427
weekly_naive,weekend,5,0.2576079798310849
weekly_naive,weekend,6,0.25876922915690936
weekly_naive,weekend,7,0.2828096433581769
weekly_naive,weekend,8,0.3139901888100762
weekly_naive,weekend,9,0.40072112398909454
weekly_naive,weekend,10,0.535163100557647
weekly_naive,weekend,11,0.6292430975080626
weekly_naive,weekend,12,0.7054866242865431
weekly_naive,weekend,13,0.7518093469416056
weekly_naive,weekend,14,0.7257578573955072
weekly_naive,weekend,15,0.6870181405344533
weekly_naive,weekend,16,0.6954172162230113
weekly_naive,weekend,17,0.6164190638034918
weekly_naive,weekend,18,0.6177748151027646
weekly_naive,weekend,19,0.5822771663810669
weekly_naive,weekend,20,0.5479707445613097
weekly_naive,weekend,21,0.5344253704891457
weekly_naive,weekend,22,0.4744530307127183
weekly_naive,weekend,23,0.45120113005870766
