stage,seconds,rss_start_mb,rss_peak_mb,rss_end_mb,note
ingest:2013-11-01,5.5,108.1,839.5,839.5,308 MB raw
ingest:2013-11-02,4.54,839.5,1026.7,1026.7,301 MB raw
ingest:2013-11-03,4.48,1026.7,1100.3,1100.3,299 MB raw
ingest:2013-11-04,4.99,1100.3,1170.5,1170.5,344 MB raw
ingest:2013-11-05,5.06,1170.5,1216.6,1216.6,356 MB raw
ingest:2013-11-06,5.16,1216.6,1232.9,1232.9,357 MB raw
ingest:2013-11-07,5.04,1232.9,1251.3,1251.3,356 MB raw
ingest:2013-11-08,5.58,1251.3,1341.9,1341.9,359 MB raw
ingest:2013-11-09,4.78,1341.9,1341.9,1325.4,317 MB raw
ingest:2013-11-10,4.44,1325.4,1330.3,1330.3,300 MB raw
ingest:2013-11-11,4.81,1330.3,1330.3,1299.2,336 MB raw
ingest:2013-11-12,5.04,1299.2,1299.2,1265.5,342 MB raw
ingest:2013-11-13,5.13,1265.5,1345.1,1345.1,346 MB raw
ingest:2013-11-14,5.09,1345.1,1345.1,1311.6,347 MB raw
ingest:2013-11-15,5.03,1311.6,1350.8,1350.8,348 MB raw
ingest:2013-11-16,4.64,1350.8,1379.5,1379.5,306 MB raw
ingest:2013-11-17,4.43,1379.5,1379.7,1379.7,293 MB raw
ingest:2013-11-18,5.09,1379.7,1379.7,1279.6,332 MB raw
ingest:2013-11-19,5.22,1279.6,1401.8,1401.8,340 MB raw
ingest:2013-11-20,5.22,1401.8,1418.5,1418.5,343 MB raw
ingest:2013-11-21,5.09,1418.5,1418.5,1397.3,342 MB raw
ingest:2013-11-22,4.96,1397.3,1468.5,1468.5,344 MB raw
ingest:2013-11-23,4.52,1468.5,1468.5,1430.1,303 MB raw
ingest:2013-11-24,4.49,1430.1,1431.0,1431.0,290 MB raw
ingest:2013-11-25,4.84,1431.0,1431.0,1430.7,329 MB raw
ingest:2013-11-26,5.06,1430.7,1430.9,1430.9,336 MB raw
ingest:2013-11-27,5.17,1430.9,1433.2,1433.2,334 MB raw
ingest:2013-11-28,4.91,1433.2,1445.2,1445.2,335 MB raw
ingest:2013-11-29,5.19,1445.2,1445.6,1445.6,335 MB raw
ingest:2013-11-30,4.53,1445.6,1473.4,1473.4,297 MB raw
ingest:2013-12-01,4.6,1473.4,1473.4,1425.7,285 MB raw
ingest:2013-12-02,5.2,1425.7,1438.6,1438.6,326 MB raw
ingest:2013-12-03,5.43,1438.6,1438.6,1293.5,338 MB raw
ingest:2013-12-04,5.3,1293.5,1374.6,1374.6,336 MB raw
ingest:2013-12-05,5.13,1374.6,1401.9,1401.9,337 MB raw
ingest:2013-12-06,5.16,1401.9,1419.1,1419.1,338 MB raw
ingest:2013-12-07,4.66,1419.1,1419.1,1386.0,293 MB raw
ingest:2013-12-08,4.42,1386.0,1398.4,1398.4,280 MB raw
ingest:2013-12-09,5.01,1398.4,1437.3,1437.3,323 MB raw
ingest:2013-12-10,5.12,1437.3,1548.3,1548.3,333 MB raw
ingest:2013-12-11,5.04,1548.3,1548.3,1301.8,335 MB raw
ingest:2013-12-12,5.34,1301.8,1335.1,1335.1,338 MB raw
ingest:2013-12-13,4.93,1335.1,1374.1,1374.1,335 MB raw
ingest:2013-12-14,4.52,1374.1,1456.3,1456.3,296 MB raw
ingest:2013-12-15,4.3,1456.3,1456.3,1346.3,283 MB raw
ingest:2013-12-16,4.87,1346.3,1523.7,1523.7,327 MB raw
ingest:2013-12-17,4.97,1523.7,1551.4,1551.4,335 MB raw
ingest:2013-12-18,4.97,1551.4,1551.4,1519.2,335 MB raw
ingest:2013-12-19,4.89,1519.2,1519.2,1449.1,340 MB raw
ingest:2013-12-20,4.75,1449.1,1449.1,1448.5,333 MB raw
ingest:2013-12-21,4.56,1448.5,1523.8,1523.8,299 MB raw
ingest:2013-12-22,4.31,1523.8,1523.8,1501.9,287 MB raw
ingest:2013-12-23,4.56,1501.9,1513.9,1513.9,311 MB raw
ingest:2013-12-24,4.62,1513.9,1538.6,1538.6,313 MB raw
ingest:2013-12-25,4.72,1538.6,1549.7,1549.7,310 MB raw
ingest:2013-12-26,4.16,1549.7,1549.7,1420.9,268 MB raw
ingest:2013-12-27,4.4,1420.9,1420.9,1321.9,289 MB raw
ingest:2013-12-28,4.24,1321.9,1371.0,1371.0,272 MB raw
ingest:2013-12-29,4.1,1371.0,1388.0,1388.0,265 MB raw
ingest:2013-12-30,4.64,1388.0,1415.5,1415.5,287 MB raw
ingest:2013-12-31,4.66,1415.5,1432.0,1432.0,309 MB raw
ingest:2014-01-01,4.66,1432.0,1458.4,1458.4,314 MB raw
wide_hourly:sms_in,17.62,1387.0,1469.0,1469.0,
wide_hourly:sms_out,17.2,1469.0,1511.2,1511.2,
wide_hourly:call_in,17.49,1511.2,1511.2,1511.2,
wide_hourly:call_out,17.66,1511.2,1511.5,1511.5,
wide_hourly:internet,17.51,1511.5,1514.1,1514.1,
citywide_10min,9.53,1514.1,5244.4,5242.4,
eda,10.93,245.3,567.4,567.4,
tsa,56.3,219.9,553.9,553.9,
train:baselines:default:val,0.06,1055.5,1055.9,1055.9,
train:baselines:default:test,0.06,1048.0,1048.5,1048.5,
train:sarima:s1:val,3.23,1047.7,1047.7,1038.2,
train:sarima:s2:val,44.07,1052.2,1052.2,1043.7,
train:sarima:s3:val,108.02,1052.0,1052.0,1043.8,
train:sarima:s4:val,138.52,1052.0,1052.0,1044.2,
train:sarima:s5:val,416.29,1051.6,1051.6,1043.4,
train:lightgbm:g1:val,7.34,1051.3,1060.5,1060.5,
train:lightgbm:g2:val,7.14,1051.7,1060.4,1060.4,
train:lightgbm:g3:val,9.45,1051.7,1061.0,1061.0,
train:lightgbm:g4:val,8.6,1051.6,1061.6,1061.6,
train:lightgbm:g5:val,5.53,1051.9,1059.5,1059.5,
train:lightgbm:g6:val,9.31,1051.7,1064.4,1064.4,
train:lightgbm:opt00:val,3.97,1051.8,1059.6,1059.6,
train:lightgbm:opt01:val,10.34,1052.6,1061.5,1061.5,
train:lightgbm:opt02:val,1.82,1051.9,1058.0,1058.0,
train:lightgbm:opt03:val,6.06,1051.8,1059.4,1059.4,
train:lightgbm:opt04:val,18.03,1051.8,1065.7,1065.7,
train:lightgbm:opt05:val,25.11,1051.7,1098.3,1098.3,
train:lightgbm:opt06:val,21.16,1047.8,1061.1,1061.1,
train:lightgbm:opt07:val,26.3,1048.6,1076.6,1076.6,
train:lightgbm:opt08:val,3.22,1051.7,1058.2,1058.2,
train:lightgbm:opt09:val,13.98,1052.2,1064.9,1064.9,
train:lightgbm:opt10:val,7.65,1052.5,1069.6,1069.6,
train:lightgbm:opt11:val,9.82,1051.8,1063.4,1063.4,
train:lightgbm:opt12:val,4.54,1051.6,1059.4,1059.4,
train:lightgbm:opt13:val,19.81,1051.5,1078.6,1078.6,
train:lightgbm:opt14:val,16.52,1051.9,1063.4,1063.4,
train:lightgbm:opt15:val,5.05,1051.9,1063.3,1063.3,
train:lightgbm:opt16:val,12.49,1052.1,1071.1,1071.1,
train:lightgbm:opt17:val,18.49,1051.7,1070.0,1070.0,
train:lightgbm:opt18:val,5.88,1051.7,1065.6,1065.6,
train:lightgbm:opt19:val,13.41,1051.9,1065.5,1065.5,
train:lstm:l1:val,12.16,1052.2,1667.4,1667.4,
train:lstm:l2:val,5.57,1048.7,1762.4,1762.4,
train:lstm:l3:val,5.55,1048.4,1762.0,1762.0,
train:lstm:l4:val,7.4,1051.8,1782.7,1782.7,
train:lstm:l5:val,7.03,1051.8,1767.3,1767.3,
train:lstm:l6:val,11.6,1052.2,1808.7,1808.7,
train:sarima:s2:test,59.47,1052.1,1052.1,1043.6,
train:lightgbm:g3:test,9.12,1048.4,1058.2,1058.2,
train:gru:l5:test,11.99,1052.1,1710.1,1710.1,
