model,series,horizon,n,mae,rmse,smape,mase
gru,bocconi,1,241,264.21204179674237,351.33924669216714,34.011076129551086,0.4966862448368
gru,bocconi,6,241,959.1658313754178,1219.4587211199187,82.8779421142225,1.8031141643730242
gru,bocconi,24,241,1243.1526066367676,1580.4114868510617,92.41528883594732,2.3369744836403163
gru,business,1,241,993.5227358547503,1249.3172182670526,29.234605772141986,0.9669244064812956
gru,business,6,241,2893.1545574672587,3247.1537864107145,68.96736568054698,2.8156997845962373
gru,business,24,241,3459.7489785730095,4133.015497158844,73.94325727272553,3.3671254888826723
gru,business-2,1,241,1080.4584502869252,1593.9273234220734,26.560677593092624,0.607467714569707
gru,business-2,6,241,2955.560826107108,4408.529471460291,57.77600176608183,1.6617092307716728
gru,business-2,24,241,3063.383583415832,4486.236889392996,59.234777633633584,1.7223305752977314
gru,duomo,1,241,426.5812990186504,728.7399175442455,17.363927056985496,0.6649598773579064
gru,duomo,6,241,1110.433784809397,1609.4058130411192,41.33519861051495,1.7309570650649864
gru,duomo,24,241,1096.8797009074672,1598.501086134578,42.054945479905676,1.7098288018479626
gru,mixed_suburban,1,241,659.9750683222978,801.8199380494653,18.14480101805862,1.0677085527908434
gru,mixed_suburban,6,241,1664.4493622799614,1892.5496025972554,40.270880246301196,2.692748415953363
gru,mixed_suburban,24,241,2091.5976424856103,2404.76659975718,46.75926015883856,3.3837894779207973
gru,mixed_suburban-2,1,241,882.2066030854694,992.4824438203991,29.58342402833124,1.5427584416822675
gru,mixed_suburban-2,6,241,2196.0614504030905,2306.350032531642,61.69458228690859,3.8403615765434695
gru,mixed_suburban-2,24,241,2309.7808095726787,2540.0781393139064,62.17979293844647,4.039228260070868
gru,navigli,1,241,759.8873146181104,830.1892181252515,32.85609898046229,1.7384125859323423
gru,navigli,6,241,1902.1844543336877,1956.3532660315818,67.02154668446592,4.351673376519499
gru,navigli,24,241,1808.236214734823,1937.8838207363606,63.59202652754766,4.136745716848101
lightgbm,bocconi,1,241,256.92003379049703,354.27767326520956,32.097391419853594,0.48297816382235426
lightgbm,bocconi,6,241,576.6348036818438,762.9393839332657,59.36969140186527,1.0840027325600556
lightgbm,bocconi,24,241,428.111014822141,528.2384739288677,52.98341043094133,0.8047962192762653
lightgbm,business,1,241,996.2380123116659,1245.9631383953415,29.462453860369948,0.9695669902710636
lightgbm,business,6,241,1818.605894470612,2265.666678791921,47.439419513947804,1.7699186557834972
lightgbm,business,24,241,1612.7449126324652,1947.6444730616208,45.3293082022015,1.5695689300067057
lightgbm,business-2,1,241,1122.5796541487919,1762.1576742950353,25.427930671857425,0.6311495798354171
lightgbm,business-2,6,241,2492.8403693714404,3999.445336288098,45.431505131216994,1.4015532402629942
lightgbm,business-2,24,241,2362.9940050263795,4071.6308736608494,43.41439909611387,1.3285495313531948
lightgbm,duomo,1,241,490.2465022604027,842.4815004285366,21.032225624512645,0.7642019347031134
lightgbm,duomo,6,241,928.5466907931365,1480.03445474942,33.66881296681319,1.447429352977564
lightgbm,duomo,24,241,976.7756182589933,1555.847150369293,35.843614792118814,1.5226091645787223
lightgbm,mixed_suburban,1,241,571.9852615737949,721.6071215818713,16.23161579027185,0.9253585251411459
lightgbm,mixed_suburban,6,241,1211.1332180186612,1571.8641182758183,29.426483103255574,1.9593729483370728
lightgbm,mixed_suburban,24,241,1022.5207795000237,1205.3727879506428,27.441232299027885,1.6542354917343314
lightgbm,mixed_suburban-2,1,241,871.5897803674982,1006.0825188648404,30.307695701342784,1.524192277232003
lightgbm,mixed_suburban-2,6,241,1367.363509809478,1554.0666084082318,42.43313826062069,2.3911763868338376
lightgbm,mixed_suburban-2,24,241,1245.3319457770492,1417.0553393160592,41.29651458398343,2.1777737384017444
lightgbm,navigli,1,241,587.0392214887323,673.780788958211,28.23281719753713,1.3429838233117601
lightgbm,navigli,6,241,1052.6806792519258,1199.7015612589212,43.06224127036677,2.408243046798377
lightgbm,navigli,24,241,838.5357652844513,940.3709493221907,38.205604109580705,1.9183385484695084
naive,bocconi,1,241,48.96528061989432,71.6027743778456,8.646148319847645,0.09204872417278034
naive,bocconi,6,241,172.73617224475655,222.10413650446282,31.287257946127383,0.3247228254862555
naive,bocconi,24,241,135.50760305570864,181.1046211156557,22.92125263833711,0.254737679822909
naive,business,1,241,210.94658993289679,273.3375835792725,8.012334602613695,0.20529918330921731
naive,business,6,241,852.2171478904629,1046.1016075542132,32.664254273735835,0.8294018145525749
naive,business,24,241,438.1369856838369,589.3414207257558,15.966008126856575,0.42640729753947315
naive,business-2,1,241,1485.4933018348029,2374.951528732419,27.838972985006073,0.8351910439818934
naive,business-2,6,241,7462.962129584981,10339.038771043795,113.43960659978016,4.195911973824953
naive,business-2,24,241,2604.7452729411143,4350.445565876341,44.7861548901855,1.464469695775523
naive,duomo,1,241,472.85415586099583,710.2909182758268,18.545916244974528,0.7370905433802365
naive,duomo,6,241,2267.296128395682,2988.422486615699,81.46005124119574,3.534287506134049
naive,duomo,24,241,1005.7705650487876,1637.3881264689635,36.815428059525445,1.5678068239831437
naive,mixed_suburban,1,241,332.92601424727695,412.5034092100564,10.28802888359046,0.5386081534292012
naive,mixed_suburban,6,241,1498.5924036809517,1792.784190107161,45.611924810668214,2.4244248053566677
naive,mixed_suburban,24,241,573.092574376783,739.72111980952,16.679365859607028,0.9271499372824722
naive,mixed_suburban-2,1,241,261.1330981749222,331.6252424545833,10.12414953166049,0.4566564002162376
naive,mixed_suburban-2,6,241,949.9159168544152,1142.3960511866635,37.928309699859604,1.6611650768539092
naive,mixed_suburban-2,24,241,437.6043853126621,598.485944828556,16.939000763304783,0.7652604924935965
naive,navigli,1,241,187.91947918017377,248.71346785639858,9.826920118931811,0.42990793695884
naive,navigli,6,241,739.3990635535529,898.4742789580664,39.22253142574636,1.6915411185065856
naive,navigli,24,241,308.4627736198457,414.1190899686343,15.519108801753607,0.7056777467351585
sarima,bocconi,1,241,55.69274878170792,83.16378007122935,9.142337640800523,0.1046955394951527
sarima,bocconi,6,241,274.35281778506146,411.9811818482593,32.664800479989445,0.5157496603840906
sarima,bocconi,24,241,595.0441873728805,684.0478517724541,67.7492173564258,1.1186101168150666
sarima,business,1,241,184.32959650247784,252.59540068125213,6.885027644052598,0.17939477302626333
sarima,business,6,241,929.4497593797888,1277.3240677933186,26.254640421423247,0.9045667748804024
sarima,business,24,241,2194.8674152289764,2436.823649441432,58.50823139753438,2.1361070020703403
sarima,business-2,1,241,732.4670704068827,1158.6731177533345,15.936368131173124,0.4118160185979177
sarima,business-2,6,241,2211.170626285681,3454.3345350981826,43.41110832274969,1.2431896539073095
sarima,business-2,24,241,2928.2055931585974,4667.731785933722,55.852799709998656,1.6463292586530405
sarima,duomo,1,241,263.324174978401,489.7696957116937,11.063066491210114,0.4104727785813085
sarima,duomo,6,241,848.8673097398965,1294.9526708242197,34.365701613913984,1.323224209491422
sarima,duomo,24,241,1098.2510353519797,1594.0770089636587,44.1269583578042,1.7119664538878845
sarima,mixed_suburban,1,241,301.0737814993726,379.02444738455154,8.904516195113425,0.4870775684680526
sarima,mixed_suburban,6,241,1215.3740145951322,1396.1130734384506,30.222601306000875,1.9662337147397408
sarima,mixed_suburban,24,241,1979.1588085681708,2189.614229628135,45.8968613865223,3.2018857812483463
sarima,mixed_suburban-2,1,241,362.4674874647391,443.2392156150043,13.3605975936346,0.6338648726566057
sarima,mixed_suburban-2,6,241,1462.9963119017525,1609.299818337241,43.88903299739779,2.5584142109598176
sarima,mixed_suburban-2,24,241,2005.973781600266,2156.5548293055235,57.372110993733216,3.5079458423156797
sarima,navigli,1,241,246.56097496744056,299.4582954562695,11.936236771217201,0.5640635049929184
sarima,navigli,6,241,996.7817255157516,1086.55710939584,40.27380625399967,2.280361658537209
sarima,navigli,24,241,1338.6652225528094,1436.9496622148547,51.702129551171616,3.062496802444004
seasonal_naive,bocconi,1,241,138.22960577367252,185.98337038095661,21.394394390915444,0.25985471120129383
seasonal_naive,bocconi,6,241,144.0275749744716,192.27329571720531,22.722976397637524,0.2707541824382623
seasonal_naive,bocconi,24,241,135.50760305570864,181.1046211156557,22.92125263833711,0.254737679822909
seasonal_naive,business,1,241,474.92104076844527,649.2502366741583,15.614846757867632,0.4622065795760949
seasonal_naive,business,6,241,473.11977731538514,648.661712448368,15.659071357888713,0.46045353907444175
seasonal_naive,business,24,241,438.1369856838369,589.3414207257558,15.966008126856575,0.42640729753947315
seasonal_naive,business-2,1,241,2420.4760724459447,4221.749068553685,39.41907196077916,1.3608677571163716
seasonal_naive,business-2,6,241,2427.7051044638224,4223.042776152261,40.21917361747263,1.3649321462257218
seasonal_naive,business-2,24,241,2604.7452729411143,4350.445565876341,44.7861548901855,1.464469695775523
seasonal_naive,duomo,1,241,884.2532650009725,1506.691295019046,31.595639446917247,1.3783842470381422
seasonal_naive,duomo,6,241,913.3493781505284,1531.7442070484037,33.28245088072849,1.4237396057377147
seasonal_naive,duomo,24,241,1005.7705650487876,1637.3881264689635,36.815428059525445,1.5678068239831437
seasonal_naive,mixed_suburban,1,241,553.7142308658584,714.5740885476201,15.354152295469389,0.8957996270985896
seasonal_naive,mixed_suburban,6,241,555.1656651160529,717.73091077977,15.554589589181159,0.8981477593798373
seasonal_naive,mixed_suburban,24,241,573.092574376783,739.72111980952,16.679365859607028,0.9271499372824722
seasonal_naive,mixed_suburban-2,1,241,515.2729051518737,708.3166316128004,17.860038286371164,0.9010832852677985
seasonal_naive,mixed_suburban-2,6,241,500.6270984950402,695.7337075264188,17.53612300507105,0.8754714367778283
seasonal_naive,mixed_suburban-2,24,241,437.6043853126621,598.485944828556,16.939000763304783,0.7652604924935965
seasonal_naive,navigli,1,241,314.91014966529434,416.67064498386503,14.863198699546368,0.7204275648305948
seasonal_naive,navigli,6,241,325.92557256548236,433.1126135575533,15.682009333705969,0.7456278141842478
seasonal_naive,navigli,24,241,308.4627736198457,414.1190899686343,15.519108801753607,0.7056777467351585
weekly_naive,bocconi,1,241,642.1943132709171,871.9816085180928,62.21429840258155,1.2072465726579618
weekly_naive,bocconi,6,241,644.5447069856635,872.4940032897732,62.76441861237072,1.211665024671453
weekly_naive,bocconi,24,241,639.8249552240015,871.3091805747027,63.18851701405808,1.2027924700251165
weekly_naive,business,1,241,2505.057448517732,3135.8788132343766,57.47701300171653,2.4379927093723546
weekly_naive,business,6,241,2501.0734761978088,3135.2937327058125,57.53274091818174,2.434115394911538
weekly_naive,business,24,241,2467.321779369813,3123.9437391906326,57.91050034912977,2.401267289633837
weekly_naive,business-2,1,241,3433.608134162871,5281.090953710284,54.34442815277841,1.9304824590283607
weekly_naive,business-2,6,241,3428.531081963377,5280.807410837105,54.281799226176176,1.9276279806395262
weekly_naive,business-2,24,241,3336.039239274021,5228.360768199676,56.187364131554894,1.875626158376094
weekly_naive,duomo,1,241,1287.878555487795,2040.4444816543507,44.30648406957312,2.0075600320013094
weekly_naive,duomo,6,241,1268.2973812625617,2017.503609625739,44.330982446882366,1.9770366704725948
weekly_naive,duomo,24,241,1294.285734691066,2039.533627685548,46.03389000463396,2.0175476172682174
weekly_naive,mixed_suburban,1,241,1766.0508709033002,2086.047184732776,39.81093653631719,2.8571194731955054
weekly_naive,mixed_suburban,6,241,1764.7445225379279,2085.707906813036,39.848256026291615,2.855006061053774
weekly_naive,mixed_suburban,24,241,1778.946738342032,2088.9511519699777,40.993199422972815,2.8779824248748658
weekly_naive,mixed_suburban-2,1,241,1990.9464445628566,2354.242005950755,53.19500399500258,3.481666792726406
weekly_naive,mixed_suburban-2,6,241,1967.2726534135113,2346.938332745535,52.579736459432965,3.44026725999276
weekly_naive,mixed_suburban-2,24,241,1879.4114235525803,2306.3207921816975,51.414240437533124,3.286619969674978
weekly_naive,navigli,1,241,1197.0490345301964,1377.3519336209172,45.48568940384733,2.73851802441427
weekly_naive,navigli,6,241,1197.8543523891337,1377.9280564899154,45.789245519409796,2.7403603695550838
weekly_naive,navigli,24,241,1144.7736084490891,1345.1118113610626,44.95157824764253,2.6189262679970127
